{
  "minecraft:recipes/decorations/crafting_table": {
    "criteria": {
      "unlock_right_away": "2024-04-09 00:20:44 -0400"
    },
    "done": true
  },
  "minecraft:adventure/adventuring_time": {
    "criteria": {
      "minecraft:frozen_river": "2024-04-09 00:21:18 -0400",
      "minecraft:river": "2024-04-09 00:21:14 -0400",
      "minecraft:snowy_plains": "2024-04-09 00:20:45 -0400",
      "minecraft:snowy_taiga": "2024-04-09 14:14:08 -0400",
      "minecraft:meadow": "2024-04-09 14:13:50 -0400",
      "minecraft:plains": "2024-04-09 00:21:09 -0400"
    },
    "done": false
  },
  "minecraft:recipes/decorations/black_glazed_terracotta": {
    "criteria": {
      "has_black_terracotta": "2024-04-09 00:23:46 -0400"
    },
    "done": true
  },
  "minecraft:recipes/decorations/yellow_glazed_terracotta": {
    "criteria": {
      "has_yellow_terracotta": "2024-04-09 00:23:53 -0400"
    },
    "done": true
  },
  "minecraft:recipes/decorations/white_banner": {
    "criteria": {
      "has_white_wool": "2024-04-09 00:46:56 -0400"
    },
    "done": true
  },
  "minecraft:recipes/decorations/painting": {
    "criteria": {
      "has_wool": "2024-04-09 00:46:56 -0400"
    },
    "done": true
  },
  "minecraft:recipes/decorations/white_bed": {
    "criteria": {
      "has_white_wool": "2024-04-09 00:46:56 -0400"
    },
    "done": true
  },
  "minecraft:recipes/decorations/white_carpet": {
    "criteria": {
      "has_white_wool": "2024-04-09 00:46:56 -0400"
    },
    "done": true
  },
  "minecraft:recipes/building_blocks/quartz_stairs": {
    "criteria": {
      "has_quartz_block": "2024-04-09 00:48:23 -0400"
    },
    "done": true
  },
  "minecraft:recipes/building_blocks/smooth_quartz": {
    "criteria": {
      "has_quartz_block": "2024-04-09 00:48:23 -0400"
    },
    "done": true
  },
  "minecraft:recipes/building_blocks/quartz_slab": {
    "criteria": {
      "has_quartz_block": "2024-04-09 00:48:23 -0400"
    },
    "done": true
  },
  "minecraft:recipes/building_blocks/chiseled_quartz_block": {
    "criteria": {
      "has_quartz_block": "2024-04-09 00:48:23 -0400"
    },
    "done": true
  },
  "minecraft:recipes/building_blocks/quartz_bricks": {
    "criteria": {
      "has_quartz_block": "2024-04-09 00:48:23 -0400"
    },
    "done": true
  },
  "minecraft:recipes/building_blocks/quartz_bricks_from_quartz_block_stonecutting": {
    "criteria": {
      "has_quartz_block": "2024-04-09 00:48:23 -0400"
    },
    "done": true
  },
  "minecraft:recipes/building_blocks/chiseled_quartz_block_from_quartz_block_stonecutting": {
    "criteria": {
      "has_quartz_block": "2024-04-09 00:48:23 -0400"
    },
    "done": true
  },
  "minecraft:recipes/building_blocks/quartz_pillar_from_quartz_block_stonecutting": {
    "criteria": {
      "has_quartz_block": "2024-04-09 00:48:23 -0400"
    },
    "done": true
  },
  "minecraft:recipes/building_blocks/quartz_slab_from_stonecutting": {
    "criteria": {
      "has_quartz_block": "2024-04-09 00:48:23 -0400"
    },
    "done": true
  },
  "minecraft:recipes/building_blocks/quartz_pillar": {
    "criteria": {
      "has_quartz_block": "2024-04-09 00:48:23 -0400"
    },
    "done": true
  },
  "minecraft:recipes/building_blocks/quartz_stairs_from_quartz_block_stonecutting": {
    "criteria": {
      "has_quartz_block": "2024-04-09 00:48:23 -0400"
    },
    "done": true
  },
  "minecraft:recipes/building_blocks/polished_diorite_slab": {
    "criteria": {
      "has_polished_diorite": "2024-04-09 00:50:02 -0400"
    },
    "done": true
  },
  "minecraft:recipes/building_blocks/polished_diorite_stairs": {
    "criteria": {
      "has_polished_diorite": "2024-04-09 00:50:02 -0400"
    },
    "done": true
  },
  "minecraft:recipes/building_blocks/polished_diorite_stairs_from_polished_diorite_stonecutting": {
    "criteria": {
      "has_polished_diorite": "2024-04-09 00:50:02 -0400"
    },
    "done": true
  },
  "minecraft:recipes/building_blocks/polished_diorite_slab_from_polished_diorite_stonecutting": {
    "criteria": {
      "has_polished_diorite": "2024-04-09 00:50:02 -0400"
    },
    "done": true
  },
  "minecraft:recipes/decorations/light_gray_bed": {
    "criteria": {
      "has_light_gray_wool": "2024-04-09 00:50:20 -0400"
    },
    "done": true
  },
  "minecraft:recipes/decorations/light_gray_banner": {
    "criteria": {
      "has_light_gray_wool": "2024-04-09 00:50:20 -0400"
    },
    "done": true
  },
  "minecraft:recipes/decorations/light_gray_carpet": {
    "criteria": {
      "has_light_gray_wool": "2024-04-09 00:50:20 -0400"
    },
    "done": true
  },
  "minecraft:recipes/misc/book": {
    "criteria": {
      "has_paper": "2024-04-09 00:51:40 -0400"
    },
    "done": true
  },
  "minecraft:recipes/decorations/cartography_table": {
    "criteria": {
      "has_paper": "2024-04-09 00:51:40 -0400"
    },
    "done": true
  },
  "minecraft:recipes/decorations/chest": {
    "criteria": {
      "has_lots_of_items": "2024-04-09 00:57:57 -0400"
    },
    "done": true
  },
  "minecraft:recipes/food/cooked_cod_from_smoking": {
    "criteria": {
      "has_cod": "2024-04-09 00:58:52 -0400"
    },
    "done": true
  },
  "minecraft:recipes/food/cooked_cod_from_campfire_cooking": {
    "criteria": {
      "has_cod": "2024-04-09 00:58:52 -0400"
    },
    "done": true
  },
  "minecraft:recipes/food/cooked_cod": {
    "criteria": {
      "has_cod": "2024-04-09 00:58:52 -0400"
    },
    "done": true
  },
  "DataVersion": 3463
}