{"stats":{"minecraft:used":{"minecraft:black_terracotta":70,"minecraft:light_gray_wool":4,"minecraft:white_wool":6,"minecraft:anvil":2,"minecraft:yellow_terracotta":4,"minecraft:light_gray_concrete":4,"minecraft:quartz_block":10,"minecraft:chest":7,"minecraft:white_concrete":42},"minecraft:custom":{"minecraft:time_since_rest":223,"minecraft:open_chest":28,"minecraft:crouch_one_cm":1909,"minecraft:play_time":107246,"minecraft:sprint_one_cm":13687,"minecraft:deaths":4,"minecraft:damage_taken":300,"minecraft:walk_one_cm":39033,"minecraft:sneak_time":2243,"minecraft:interact_with_anvil":6,"minecraft:jump":186,"minecraft:leave_game":4,"minecraft:time_since_death":197,"minecraft:total_world_time":107606,"minecraft:fall_one_cm":3212,"minecraft:fly_one_cm":456053},"minecraft:picked_up":{"minecraft:wooden_axe":1,"minecraft:chest":1,"minecraft:paper":162}},"DataVersion":3463}